{
  "deep_model": {
    "accuracy": 0.9934510250569476,
    "f1_score": 0.9934534270252715,
    "roc_auc": 0.9988500740286004,
    "training_history": {
      "train_loss": [
        0.2997915175592777,
        0.09826924470263897,
        0.07090954331295025,
        0.06272133676402042,
        0.05970784890648945,
        0.048358536533696324,
        0.044494027806077883,
        0.042810186969672155,
        0.03769378817555651,
        0.037569248606437594,
        0.033752282262394726,
        0.033927854604129136,
        0.02834962673242239,
        0.026272615524607388,
        0.027330103054490726,
        0.0254553455569644,
        0.026698503453668487,
        0.0251336254202416,
        0.025879993666660047,
        0.021286085745509862,
        0.022730671721350154,
        0.02020178576257461,
        0.02331689170736818,
        0.019153286104114643,
        0.0183678946069824,
        0.016628310448754072,
        0.015884750692846013,
        0.0183825057817282,
        0.013557807856439029,
        0.014177581701494624,
        0.017905262422722452,
        0.014903659004322065,
        0.012523761141235722,
        0.012955131784815992,
        0.010825267278046743,
        0.011542133806344784,
        0.011450852030514548,
        0.011720666531499379,
        0.009633158005616925,
        0.011833218095520504,
        0.00831258709140902,
        0.008853214242421067,
        0.007634813777022985,
        0.008813722694591146,
        0.006270981102200832,
        0.007903040994403676,
        0.0075365197020928545,
        0.006550881759659161,
        0.0063938293173972024,
        0.005871846706509417,
        0.005971934261006679,
        0.0046688851105832875,
        0.004545156119156714,
        0.005639309449251751,
        0.003566343226709151,
        0.0037721715923473213,
        0.0036191286110644734,
        0.004432617806240645,
        0.002630830101224273,
        0.0035994192022960982,
        0.00271566551517548,
        0.002474626268051071,
        0.002787328932451685,
        0.002655943909663514,
        0.0024242156639058994,
        0.0025644775130518223,
        0.0021901568161512017,
        0.00222077766181212,
        0.002074914188871126,
        0.0023694104434503404,
        0.001668397451809602,
        0.001994399459315002,
        0.0019554495857132576,
        0.0018475623439040806,
        0.0019416259404832874
      ],
      "train_acc": [
        0.8653189066059226,
        0.9666144646924829,
        0.9769718109339408,
        0.979498861047836,
        0.9818835421412301,
        0.9846597380410023,
        0.9853359908883826,
        0.9865461275626424,
        0.987863041002278,
        0.988503701594533,
        0.989251138952164,
        0.9896426537585421,
        0.9909239749430524,
        0.9914222665148064,
        0.9913510820045558,
        0.9917781890660592,
        0.991884965831435,
        0.9920273348519362,
        0.9919917425968109,
        0.9934154328018223,
        0.9927391799544419,
        0.993878132118451,
        0.9934154328018223,
        0.994376423690205,
        0.9945543849658315,
        0.9948391230068337,
        0.9953374145785877,
        0.9947323462414579,
        0.9956933371298405,
        0.9955509681093394,
        0.994874715261959,
        0.9955153758542141,
        0.9962628132118451,
        0.9960848519362187,
        0.9967966970387244,
        0.9966187357630979,
        0.9966543280182233,
        0.9969746583143508,
        0.9971526195899773,
        0.9966899202733486,
        0.9976153189066059,
        0.997366173120729,
        0.9977932801822323,
        0.9976153189066059,
        0.9981136104783599,
        0.9976865034168565,
        0.9979000569476082,
        0.9980780182232346,
        0.9980780182232346,
        0.998505125284738,
        0.9983627562642369,
        0.9985763097949886,
        0.9986830865603644,
        0.998505125284738,
        0.9988966400911162,
        0.9990746013667426,
        0.9990390091116174,
        0.9988966400911162,
        0.9992169703872438,
        0.9992525626423691,
        0.9992169703872438,
        0.999501708428246,
        0.9993593394077449,
        0.9993237471526196,
        0.9995728929384966,
        0.9993949316628702,
        0.9995728929384966,
        0.999501708428246,
        0.9995373006833713,
        0.9994661161731208,
        0.9997152619589977,
        0.9996084851936219,
        0.9996084851936219,
        0.999501708428246,
        0.9996440774487472
      ],
      "val_loss": [
        0.14460112228989602,
        0.0650059891398996,
        0.053435310987036,
        0.1043615335598588,
        0.05442183207805184,
        0.040069448231952264,
        0.042998631979571655,
        0.057232878482053905,
        0.05582421285375445,
        0.03570292520929467,
        0.047780613724502145,
        0.03491071949419248,
        0.03330373111874162,
        0.05041190422581911,
        0.03484629891066685,
        0.039658362771495544,
        0.03284331539219817,
        0.03934383793847784,
        0.03267499922506183,
        0.042662914192822594,
        0.03464248651838385,
        0.03286429062450638,
        0.0351592785342787,
        0.07178367612028855,
        0.0327096951510281,
        0.034418765229466686,
        0.03327283036811753,
        0.03990240510859373,
        0.033637813653562755,
        0.03392165920924361,
        0.03726895320034435,
        0.046346137288475635,
        0.03515273987648636,
        0.04242948657805424,
        0.04470906431726524,
        0.037029602797933464,
        0.043516535859792135,
        0.041825469331801785,
        0.04437834795114875,
        0.04166273591770484,
        0.0398010904968673,
        0.039769515874149876,
        0.04328309911517491,
        0.044832280842379904,
        0.04663023393234198,
        0.04444443747817104,
        0.04894831147755047,
        0.045262214646365095,
        0.04734660349820723,
        0.04489578841705938,
        0.050636191466732976,
        0.05298028372577619,
        0.056721412340208006,
        0.05537114928084334,
        0.0493478100585467,
        0.05685557785410732,
        0.053317142144876616,
        0.05706380992869656,
        0.05393605946500053,
        0.05614507274161818,
        0.06155592626279659,
        0.06039381749892128,
        0.056667793712138474,
        0.05741711147487087,
        0.05564607272071722,
        0.05768635389015401,
        0.06103888723352606,
        0.05850488109192416,
        0.0585389369862645,
        0.05833257175550875,
        0.058110670953140396,
        0.05867688242799426,
        0.058748626362602016,
        0.05808428477396336,
        0.05851375303783423
      ],