{
  "feature_model": {
    "accuracy": 0.6013828136023706,
    "macro_f1": 0.18041177485878268,
    "auc_ovo": 0.5810952004526114,
    "test_accuracy": 0.6011568848758465,
    "test_macro_f1": 0.18054167914738195,
    "test_auc_ovo": 0.5707244691736759
  },
  "deep_model": {
    "train_loss": 1.5494311292047134,
    "val_loss": 1.5541606921982796,
    "accuracy": 0.2145880361173815,
    "macro_f1": 0.16048532269366986,
    "auc_ovo": 0.570969620476108
  }
}